Source,ContractNumber
ContractRegistry,10132023
ContractRegistry,RX-PH920NE-2023
ContractRegistry,RX-PH843RD-2023
ContractRegistry,RX-PH563WP-2023
ContractRegistry,RX-01292-2023
ContractRegistry,RX-PH436OP-2024
ContractRegistry,RX-PH436ONa-PHCL-A1-2024
ContractRegistry,RX-PH436ON-PHCL-2024
ContractRegistry,RX-EDOX-25-S
ContractRegistry,RX-EDOX-25-J
ContractRegistry,RX-EDOX-25-T
PATRICIA'S PURGE,4417721634
PATRICIA'S PURGE,2487751
CCR,SOW20240710SS-SAS-RCH
CCR,SOW20250310BP-12
CCR,SOW20221122SS-IMEPM-BH 
CCR,SOW20230401TM
CCR,SOW20240205MB–CH–Procom-01
CCR,SOW20240306PH-MSA-Cascadia-CH-04 
CCR,SOW20240327SS-ITDC-BH    
CCR,SOW20240516SS-ITTDL-BH   
CCR,SOW20240516SS-ITTDL-RCH   
CCR,SOW20240607SS-MSA-TDS-Procom-CH-01-ITPM-BH 
CCR,SOW20240611MB–CH–CGI-03
CCR,SOW20240624SS-HADS-MSA-PROCOM-CH-01-SSVBA-RCH
CCR,SOW20240624SS-HADS-MSA-Procom-CH03 ITDM-NSH
CCR,SOW20240624SS-HADS-MSA-SI Systems-CH-01-PCEM-RCH
CCR,SOW20240624SS-HADS-MSA-Si Systems-CH-02-PMEUD-RCH 
CCR,SOW20250310BP-6 
CCR,SOW20250415CS-01
CCR,SOW20250728CDG
CCR,SOW20250911EY-2
CCR,SOW20251114RN
CCR,SOW20251201CS7
CCR,SOW20251208AC
CCR,SOW20260102SB
CCR,SOW20260102WFE-BPR
CCR,SOW20260102WFE-SSRPCS
CCR,SOW20260112HA-1
CCR,SOW20260131RC
CCR,SOW20260202MM
CCR,SOW20260225SH
CCR,SOW20260226EG
CCR,SOW20260226SH
CCR,SOW20260301LD
CCR,SOW20260302MB-1
CCR,SOW20260302WFE
CCR,SOW20260303MB-2
CCR,SOW20260303SV
CCR,SOW20260304JR
CCR,SOW20260305CS-2
CCR,SOW20260306CS-6
CCR,SOW20260306CS-9
CCR,SOW20260306PS
CCR,SOW20260306SJ
CCR,SOW2026030CE
CCR,SOW2026030JJ
CCR,SOW2026030JS
CCR,SOW2026030KM
CCR,SOW2026030SK
CCR,SOW2026030TZ
CCR,SOW20260310MB
CCR,SOW20260312-CC-RCH
CCR,SOW20260312RL-1
CCR,SOW20260313GH
CCR,SOW20260316BC
CCR,SOW20260316VS
CCR,SOW20260319CS-1
CCR,SOW20260401MM
CCR,SOW20260408TC
CCR,SOW20260420KM
ContractRegistry,SS06013BC
CCR,SOW20250305-NWS-RCH
CCR,SOW20250320JM
CCR,SOW20250320JM-1
CCR,SOW20250321JM
CCR,SOW20250327PK
CCR,SOW20250616SR-1
CCR,SOW20250718CH
CCR,SOW20251117BW
CCR,SOW20260109IC
CCR,SOW20260109ML
CCR,SOW20260116HP–CH–TEKsystems-01
CCR,SOW20260220DK
CCR,SOW2026123LV
ContractRegistry,RX-11663-15
PATRICIA'S PURGE,C01528
PATRICIA'S PURGE,RX-11662-62
CCR,SOW20250321PK
ContractRegistry,DE03810-2026
ContractRegistry,DE03848-2026
ContractRegistry,DE05627-2026
ContractRegistry,DE05943NP-2026
ContractRegistry,DE01925-2026
ContractRegistry,DE04751-2026
ContractRegistry,DE03847LC-2026
ContractRegistry,DE05058-2026
ContractRegistry,DE05431-2025
ContractRegistry,DE04762-2025
ContractRegistry,DE05081-2026
ContractRegistry,DE04764HL-2026
ContractRegistry,DE04750-2026
ContractRegistry,DE04792-2025
ContractRegistry,DE05052-2026
ContractRegistry,DE04765AT-2026
ContractRegistry,DE05054MC-2025
ContractRegistry,DE05755KH-2025
ContractRegistry,DE06227CD-2025
ContractRegistry,DE04765BC-2026
ContractRegistry,DE04766AT-2026
ContractRegistry,DE04766BC-2026
ContractRegistry,CL03838PL-2024
PATRICIA'S PURGE,C01601JJ
PATRICIA'S PURGE,C00321-WK
PATRICIA'S PURGE,C03385
CCR,SOW20210603GP
CCR,SOW20220518SS-ITDM-RCH
CCR,SOW20221122SS-IMEPM-RCH
CCR,SOW20230308SS-BA-SPMS-RCH
CCR,SOW20230324SS-BA-EIP-RCH
CCR,SOW20230503LT
CCR,SOW20240306PH-MSA-Cascadia-CH-02
CCR,SOW20240306PH-MSA-Cascadia-CH-03
CCR,SOW20240306PH-MSA-EY-CH-01
CCR,SOW20240306PH-MSA-KPMG-CH-02
CCR,SOW20240307HP
CCR,SOW20240307IJ
CCR,SOW20240307RL
CCR,SOW20240326JM
CCR,SOW20240328RK-1
CCR,SOW20240328RK-2
CCR,SOW20240404JM-1
CCR,SOW20240411JZ
CCR,SOW20240412DA
CCR,SOW20240412JM
CCR,SOW20240419CH-1
CCR,SOW20240419CH-2
CCR,SOW20240422SS-BANCI-RCH
CCR,SOW20240425RK-1
CCR,SOW20240503MD
CCR,SOW20240503SS-PMMM-BH
CCR,SOW20240503SS-PMMM-RCH
CCR,SOW20240507JB
CCR,SOW20240509IJ-2
CCR,SOW20240509RK
CCR,SOW20240523CH
CCR,SOW20240523JM
CCR,SOW20240523MS
CCR,SOW20240524JM
CCR,SOW20240527IJ
CCR,SOW20240531GG-1
CCR,SOW20240531MA
CCR,SOW20240531PK
CCR,SOW20240603CS
CCR,SOW20240607MB1
CCR,SOW20240610GG
CCR,SOW20240610ML
CCR,SOW20240617SS-BAIWS-RCH
CCR,SOW20240617TDT
CCR,SOW20240618DM
CCR,SOW20240624BCR
CCR,SOW20240624SS-HADS-MSA-Teema-CH-01-PMCath-RCH
CCR,SOW20240702DA
CCR,SOW20240702MA
CCR,SOW20240712KF-10
CCR,SOW20240716AK
CCR,SOW20240719KF
CCR,SOW20240719RK
CCR,SOW20240726VK
CCR,SOW20240729KF
CCR,SOW20240806PD-02
CCR,SOW20240808SS-TLUCC-BH
CCR,SOW20240808SS-TLUCC-RCH
CCR,SOW20240809PD
CCR,SOW20240822DB-1
CCR,SOW20240822DB-2
CCR,SOW20240823DG
CCR,SOW20240823JM
CCR,SOW20240823JM-1
CCR,SOW20240823PK
CCR,SOW20240825SCH
CCR,SOW20240826JM
CCR,SOW20240827JM
CCR,SOW20240904PK
CCR,SOW20240911MD
CCR,SOW20240917BP
CCR,SOW20240920CS
CCR,SOW20240920CS-1
CCR,SOW20240920CS-14
CCR,SOW20240920CS-3
CCR,SOW20240920CS-6
CCR,SOW20240920SR
CCR,SOW20240923BP
CCR,SOW20240923BP-1
CCR,SOW20240923GG-1
CCR,SOW20240923IJ-1
CCR,SOW20240923JM
CCR,SOW20240923RL
CCR,SOW20240923SV
CCR,SOW20240926CS
CCR,SOW20241001GG
CCR,SOW20241002EY-1
CCR,SOW20241003JP
CCR,SOW20241016OD
CCR,SOW20241022SF
CCR,SOW20241031DA
CCR,SOW20241031MC
CCR,SOW20241108MB
CCR,SOW20241108SS-SDEV-RCH
CCR,SOW20241113MW
CCR,SOW20241115BP
CCR,SOW20241115CDG
CCR,SOW20241115JM
CCR,SOW20241115MC
CCR,SOW20241115PK
CCR,SOW20241115RL-1
CCR,SOW20241115SS-EUD-BH
CCR,SOW20241115SS-EUD-RCH
CCR,SOW20241115SS-EUD-ST2
CCR,SOW20241119SR
CCR,SOW20241122BB
CCR,SOW20241122MB1
CCR,SOW20241122MB5
CCR,SOW20241122MB6
CCR,SOW20241126CP
CCR,SOW20241126SV
CCR,SOW202411RL
CCR,SOW20241202MP
CCR,SOW20241202SF
CCR,SOW20241205SC
CCR,SOW20241205SC-1
CCR,SOW20241211SB
CCR,SOW20241212PD
CCR,SOW20241220CS-12
CCR,SOW20241220CS-2
CCR,SOW20241223SV
CCR,SOW20250102CS
CCR,SOW20250103CS
CCR,SOW20250103CS-1
CCR,SOW20250103CS-2
CCR,SOW20250107bdw
CCR,SOW20250113ML
CCR,SOW20250117LV
CCR,SOW20250121KJ
CCR,SOW20250127AD
CCR,SOW20250127PK-1
CCR,SOW20250131MB1
CCR,SOW20250204JY
CCR,SOW20250204PK
CCR,SOW20250206JR
CCR,SOW20250210JP
CCR,SOW20250211CS-1
CCR,SOW20250211CS-2
CCR,SOW20250211CS-3
CCR,SOW20250211CS-5
CCR,SOW20250214BP
CCR,SOW20250214IJ
CCR,SOW20250214JM
CCR,SOW20250214RL
CCR,SOW20250214RL-1
CCR,SOW20250218BG
CCR,SOW20250218DN
CCR,SOW20250219BG
CCR,SOW20250219CA
CCR,SOW20250219CS-1
CCR,SOW20250219MC
CCR,SOW20250228JM
CCR,SOW20250303JB
CCR,SOW20250304MB1
CCR,SOW20250305MB1
CCR,SOW20250307OD
CCR,SOW20250310BP
CCR,SOW20250310BP-1
CCR,SOW20250310BP-10
CCR,SOW20250310BP-11
CCR,SOW20250310BP-2
CCR,SOW20250310BP-3
CCR,SOW20250310BP-4
CCR,SOW20250310BP-5
CCR,SOW20250310BP-7
CCR,SOW20250310BP-8
CCR,SOW20250310BP-9
CCR,SOW20250310JM-1
CCR,SOW20250310JM-2
CCR,SOW20250310NK
CCR,SOW20250311NK
CCR,SOW20250312RE
CCR,SOW20250314MT
CCR,SOW20250319
CCR,SOW20250324CP
CCR,SOW20250327OD
CCR,SOW20250401DH
CCR,SOW20250403OD
CCR,SOW20250407SH
CCR,SOW20250428OD
CCR,SOW20250520-SEMI-RCH
CCR,SOW20250530CS
CCR,SOW20250604BW
CCR,SOW20250604PB
CCR,SOW20250606CS
CCR,SOW20250610JG
CCR,SOW20250610JH-01
CCR,SOW20250610JH-04
CCR,SOW20250610JH-05
CCR,SOW20250610SB
CCR,SOW20250616CS
CCR,SOW20250616WS
CCR,SOW20250619CP
CCR,SOW2025070217597
CCR,SOW20250704RS
CCR,SOW20250725BG
CCR,SOW20250725JH-01
CCR,SOW20250725JH-02
CCR,SOW20250725JH-04
CCR,SOW20250725OD
CCR,SOW20250729
CCR,SOW20250729RS
CCR,SOW20250730-BA-SPMS-RCH
CCR,SOW20250731CS-2
CCR,SOW20250801EY
CCR,SOW20250808MB1
CCR,SOW20250808MB2
CCR,SOW20250808MB3
CCR,SOW20250808MB4
CCR,SOW20250811MB1
CCR,SOW20250811MB2
CCR,SOW20250811MB3
CCR,SOW20250821CS-1
CCR,SOW20250828SL
CCR,SOW20250903AZ
CCR,SOW2025090901CH
CCR,SOW20250909BM
CCR,SOW20250910JB
CCR,SOW20250912MP
CCR,SOW20250919OD
CCR,SOW20250922WB-1
CCR,SOW20250922WB-2
CCR,SOW20250923CS
CCR,SOW20250924WB-1
CCR,SOW20250924WB-2
CCR,SOW20251002-IMITPD-RCH
CCR,SOW20251002-PIA-RCH
CCR,SOW20251014CH
CCR,SOW20251014HP
CCR,SOW20251020CH
CCR,SOW20251103CH
CCR,SOW20251128AF
CCR,SOW20251212MB3
CCR,SOW20251223BM
ContractRegistry,RX-11662-180
ContractRegistry,RX-11662-203
ContractRegistry,RX-11662-223-2022
ContractRegistry,RX-11662-229-2022
ContractRegistry,RX-11662-227-2022
ContractRegistry,RX-11662-22-2021
ContractRegistry,RX-11662-214
ContractRegistry,RX-11662-222-2022
ContractRegistry,RX-11662-43-2022
ContractRegistry,RX-11662-41-2022
ContractRegistry,RX-11662-242-2022
ContractRegistry,RX-11662-24A-2022
ContractRegistry,RX-11662-31-2022
ContractRegistry,RX-11662-185
ContractRegistry,RX-11662-51-2023
ContractRegistry,RX-11662-265-2023
ContractRegistry,RX-11662-147-2023
ContractRegistry,RX-11662-272-2023
ContractRegistry,RX-11662-140-2023
ContractRegistry,RX-11662-278-2024
ContractRegistry,RX-11662-154-2024
ContractRegistry,RX-11662-279-2024
ContractRegistry,RX-11662-286-2024
ContractRegistry,RX-11662-112-2024
ContractRegistry,RX-11662-06-2023
ContractRegistry,RX-11662-277-2024
ContractRegistry,RX-11662-127-2024
ContractRegistry,RX-11662-302-2024
ContractRegistry,RX-11662-128-2024
ContractRegistry,RX-11662-132-2024
ContractRegistry,RX-11662-298-2025
ContractRegistry,RX-11662-299-2025
ContractRegistry,RX-11662-167-2025
ContractRegistry,RX-11662-163-2024
ContractRegistry,RX-11662-308-2025
ContractRegistry,RX-11662-320-2025
ContractRegistry,RX-11662-311-2025
ContractRegistry,RX-11662-332-2026
ContractRegistry,RX-11662-39-2026
ContractRegistry,RX-11662-324-2026
CCR,SOW20240611MB–CH–TEEMA-04
CCR,SOW20240611MB-CH-TEEMA-05
CCR,SOW20251016-PIA-NSH
CCR,SOW20251211-POSPF-RCH
CCR,SOW202601119-PC1-NSH
CCR,SOW20260112HA-2
CCR,SOW20260116HP–CH–Apex Systems-01
CCR,SOW20260119-PC1-RCH
CCR,SOW20260202JM
CCR,SOW20260202MB-1
CCR,SOW20260202MH
CCR,SOW20260202MH-1
CCR,SOW20260209PH
CCR,SOW20260217CS
CCR,SOW20260227MB
CCR,SOW20260302MB-2
CCR,SOW20260302SD
CCR,SOW20260303CS-1
CCR,SOW20260303CS-3
CCR,SOW20260303CS-4
CCR,SOW20260305CS-1
CCR,SOW20260305MB
CCR,SOW20260305SR
CCR,SOW20260306CS-1
CCR,SOW20260306CS-2
CCR,SOW20260306CS-3
CCR,SOW20260306CS-4
CCR,SOW20260306CS-5
CCR,SOW20260306CS-7
CCR,SOW20260306CS-8
CCR,SOW20260306SJ-Together
CCR,SOW2026030DG
CCR,SOW20260310IXM
CCR,SOW20260312AD
CCR,SOW20260312CH
CCR,SOW20260312MC
CCR,SOW20260312MC-1
CCR,SOW20260312RL
CCR,SOW20260312RL-2
CCR,SOW20260319CS
CCR,SOW20260319MT
CCR,SOW20260320DA
CCR,SOW20260320JMJT
CCR,SOW20260326-ITTSL-RCH
CCR,SOW20260331EY
CCR,SOW20260407JM
CCR,SOW20260416MT-3
ContractRegistry,SS06591CA-2028
ContractRegistry,CE06775BD
ContractRegistry,CE06566-KS
ContractRegistry,CL01611CA-2024
ContractRegistry,CL02258IN-2024
ContractRegistry,CL01976ME-CA-2031
ContractRegistry,RX-11662-120
ContractRegistry,RX-11663-21
ContractRegistry,RX-11663-27
ContractRegistry,RX-11663-06
ContractRegistry,RX-11663-11
ContractRegistry,RX-11663-13
ContractRegistry,RX-11663-17
ContractRegistry,RX-11663-24
ContractRegistry,RX-11663-25
ContractRegistry,CL04301CA
ContractRegistry,CL04303CA
ContractRegistry,RX-11663-12
ContractRegistry,RX-11663-05
ContractRegistry,RX-11663-03
ContractRegistry,RX-11663-10
ContractRegistry,RX-11663-16
ContractRegistry,RX-11663-20
ContractRegistry,RX-11663-26
ContractRegistry,CL04306CA
ContractRegistry,CL04295
ContractRegistry,CL04301CA-SM
ContractRegistry,CL04302CA-CHC
ContractRegistry,CL04475CA-CHC
ContractRegistry,CL04303CA-DOM
ContractRegistry,CL04303CA-SM
ContractRegistry,C02352-01
ContractRegistry,CL02430BA-2022
ContractRegistry,CL03090CR-2019
ContractRegistry,CL02291CHS-2020
ContractRegistry,CL02290A-2020
ContractRegistry,CL02396MC-2023
ContractRegistry,CL02393PR-2021
ContractRegistry,C01325
ContractRegistry,RX-11663-22
ContractRegistry,RX-11663-01
ContractRegistry,RX-11663-07
ContractRegistry,RX-11663-08
ContractRegistry,RX-11663-23
ContractRegistry,RX-11663-14
ContractRegistry,RX-11663-28
ContractRegistry,CL04475CA
ContractRegistry,CL04300CA
ContractRegistry,CL04302CA
ContractRegistry,CL04296
ContractRegistry,CL04299
ContractRegistry,CL04300CA-SM
ContractRegistry,CL04475CA-DOM
ContractRegistry,CL04302CA-DOM
ContractRegistry,CL04303CA-SOL
ContractRegistry,CL03574CA-2021
ContractRegistry,CL04260CO-2018
ContractRegistry,CL04474CA
ContractRegistry,CL03666CA-2020
ContractRegistry,CL02428BO-2022
ContractRegistry,CL02431BO-2022
ContractRegistry,CL02851CA-2019
ContractRegistry,CL02400CR-2022
ContractRegistry,CL02678MA-2021
ContractRegistry,SS00050-L
ContractRegistry,CL03090TR-2019
ContractRegistry,CL02815JO
ContractRegistry,CL02816
ContractRegistry,CL02825JO
ContractRegistry,CL02825SO-1
ContractRegistry,CL02834JO
ContractRegistry,CL04298
ContractRegistry,CL04553
ContractRegistry,CL04301CA-CHC
ContractRegistry,CL04302CA-SOL
ContractRegistry,CL04475CA-SOL
ContractRegistry,CL04303CO
ContractRegistry,CL04494
ContractRegistry,SC04053CA
ContractRegistry,CL02430BO-2022
ContractRegistry,BA5XU
ContractRegistry,CL02818JO
ContractRegistry,CL02820JO
ContractRegistry,CL02819JO
ContractRegistry,CL02829JO
ContractRegistry,CL02835CO
ContractRegistry,CL05404CO
ContractRegistry,CL05698PR-2022
ContractRegistry,CL02829CA-1
ContractRegistry,CL02815CA
ContractRegistry,CL02945-2020
ContractRegistry,CL02825CA-6
ContractRegistry,CL02825CA-2
ContractRegistry,SS00060-V
ContractRegistry,CL02935
ContractRegistry,CL05404CA
ContractRegistry,CL03068BA
ContractRegistry,CL03065JO
ContractRegistry,CL05252
ContractRegistry,CL05253
ContractRegistry,CL05254
ContractRegistry,CL02290CH-2020
ContractRegistry,CL02290CHS-2020
ContractRegistry,CL02291CH-2020
ContractRegistry,CL02290T-2020
ContractRegistry,CL02291K-2020
ContractRegistry,CL02678CHS-2021
ContractRegistry,CL02746MA-2021
ContractRegistry,CL04619
ContractRegistry,CL03090PR-2019
ContractRegistry,C02837
ContractRegistry,SS00060-L
ContractRegistry,SS05299B-2024
ContractRegistry,CL02823CO
ContractRegistry,CL02822
ContractRegistry,CL02835JO
ContractRegistry,CL02849MC-2022
ContractRegistry,CL05697ME-2022
ContractRegistry,CL02834CA
ContractRegistry,CL05403CA-1
ContractRegistry,CL02825CA-1
ContractRegistry,CL02825CA-3
ContractRegistry,CL02829CA-2
ContractRegistry,CL05403CA-2
ContractRegistry,CL05828
ContractRegistry,CL05830SO-2023
ContractRegistry,RX-11662-158
ContractRegistry,CL03064CN
ContractRegistry,CL03065SO
ContractRegistry,CL05402
ContractRegistry,CL02290K-2020
ContractRegistry,CL02290I-2020
ContractRegistry,CL02290SM-2020
ContractRegistry,CL02291M-2020
ContractRegistry,CL02291SC-2020
ContractRegistry,CL02678CA-2021
ContractRegistry,CL02746EL-2021
ContractRegistry,CL02746CA-2021
NULL,SS05221-05222B
ContractRegistry,SS05221B-05222B
ContractRegistry,SS05289C-2024
ContractRegistry,CL02393MC-2021
ContractRegistry,CL02393OM-2021
ContractRegistry,CL02817JO
ContractRegistry,CL02394PR-2021
ContractRegistry,CL02824KE
ContractRegistry,CL02394CR-2021
ContractRegistry,CL02412CA-21-ST
ContractRegistry,C03315
ContractRegistry,CL05403CO
ContractRegistry,CL02974TH-2022
ContractRegistry,CL02744ME-2022
ContractRegistry,CL01806
ContractRegistry,CL06176
ContractRegistry,CL02825CA-4
ContractRegistry,CL02825CA-5
ContractRegistry,SS00050-V
ContractRegistry,CL03738MC-2023
ContractRegistry,CC03740ME-2022
ContractRegistry,CL02820CA-1
ContractRegistry,CL02823CA-1
ContractRegistry,CL03067
ContractRegistry,CL03066JO
ContractRegistry,CL03069
ContractRegistry,CL03068JO
ContractRegistry,CL02290M-2020
ContractRegistry,CL02290SC-2020
ContractRegistry,CL02291SPS-2020
ContractRegistry,CL02746CHS-2021
ContractRegistry,C03075
ContractRegistry,SS02883
ContractRegistry,SS02940CA-2025
ContractRegistry,SS05302-2024
ContractRegistry,SS05692CA
ContractRegistry,CL02393CR-2021
ContractRegistry,CL02817CO
ContractRegistry,CL02824JO
ContractRegistry,CL02413CA-21-ST
ContractRegistry,SS05297WW-2024
ContractRegistry,SS05298WW-2024
ContractRegistry,CL02017CA-DSSC
ContractRegistry,CL02274CO-2021
ContractRegistry,RX-11662-187
ContractRegistry,CL02978MC
ContractRegistry,RX-11662-210
ContractRegistry,PH401RAb_PHCL
ContractRegistry,PH401RAa_PHCL
ContractRegistry,PH921GL_PHCL
ContractRegistry,RX-11662-215
ContractRegistry,CL04445CN-2024
ContractRegistry,CL04219BO-2025
ContractRegistry,SS02926PL-2025
ContractRegistry,SS02938CA-2025
ContractRegistry,SS05293-2024
ContractRegistry,SS05693CA
ContractRegistry,CL02817MI
ContractRegistry,CL02824TR
ContractRegistry,CL02824CO
ContractRegistry,SS05300-2024
ContractRegistry,CL02634MC
ContractRegistry,05257CA
ContractRegistry,CE05379ST
ContractRegistry,CL05259CA
ContractRegistry,CL03923DE-2023
ContractRegistry,CE05029-01
ContractRegistry,CL05829-2022
ContractRegistry,RX-11662-191-A_B
ContractRegistry,RX-11662-178-A_B
ContractRegistry,CL02974ME-2022
ContractRegistry,CL02974CH2-2022
ContractRegistry,CL03701CA-2022
ContractRegistry,DE04230-2027
ContractRegistry,CL03089CA-2022
ContractRegistry,DE04229NP-2027
ContractRegistry,CL05331CA-CR
ContractRegistry,CL05332CA-ST
ContractRegistry,CL02977MC
ContractRegistry,RX-11662-207
ContractRegistry,02680OM
ContractRegistry,CL03918CA-2024
ContractRegistry,CL06175
ContractRegistry,CL02744CN-2022
ContractRegistry,CL02974IN2-2022
ContractRegistry,RX-11662-216
ContractRegistry,DE04232AD-2025
ContractRegistry,DE04231AD-2025
ContractRegistry,DE04768CC-2027
ContractRegistry,RX-11662-225-2022
ContractRegistry,RX-11662-217
ContractRegistry,RX-11662-84-2022
ContractRegistry,CL02428CK-2022
ContractRegistry,CL02432BO-2022
ContractRegistry,RX-11662-237-2022
ContractRegistry,CL02849TR2-2022
ContractRegistry,CL02744MA-2022
ContractRegistry,CL02744TR2-2022
ContractRegistry,DE04227CC-2027
ContractRegistry,DE05802-2027
ContractRegistry,DE05804-2027
ContractRegistry,DE05808DA-2025
ContractRegistry,CL05333CA
ContractRegistry,RX-11662-226-2022
ContractRegistry,CL02431CK-2022
ContractRegistry,CL02432CK-2022
ContractRegistry,RX-11662-221-2022
ContractRegistry,CL05256MC
ContractRegistry,C03626
ContractRegistry,RX-11662-23-2021
ContractRegistry,RX-11662-231-2022
ContractRegistry,CL03090CN-2019
ContractRegistry,CL03926CA-2022
ContractRegistry,RX-11662-241-2022
ContractRegistry,CL03214HO
ContractRegistry,CL03218-BARD
ContractRegistry,CL06077CA
ContractRegistry,RX-11662-240-2022
ContractRegistry,CL04440ML-2024
ContractRegistry,RX-11662-124-2022
ContractRegistry,CL05331-ST
ContractRegistry,RX-11662-224-2022
ContractRegistry,CL05698ME2-2022
ContractRegistry,CL03900MC
ContractRegistry,CL02430CK2-2022
ContractRegistry,RX-11662-232-2022
ContractRegistry,RX-11662-228-2022
ContractRegistry,RX-11662-238-2022
ContractRegistry,CL03087
ContractRegistry,CL03672CA-BA
ContractRegistry,CL03675CA-BA
ContractRegistry,CL03218AN-2022
ContractRegistry,RX-11662-243-2022
ContractRegistry,CL04880CA-2023
ContractRegistry,RX-11662-252-2023
ContractRegistry,CL03108CA-2023
ContractRegistry,CL03837BE-2023
ContractRegistry,CL05255AD-2023
ContractRegistry,CL01144CA-2023
ContractRegistry,CS02710CA-FS2023
ContractRegistry,CL03669MC-2023
ContractRegistry,CL06413MC-2023
ContractRegistry,CL01613CA-2023
ContractRegistry,CL03632CA-2023
ContractRegistry,CL03697CA-2023
ContractRegistry,CL01606CA-2023
ContractRegistry,CL03652CA-2023
ContractRegistry,CL02679TH-2023
ContractRegistry,RX-11662-233-2022
ContractRegistry,CL03218CA-2022
ContractRegistry,RX-11662-239-2022
ContractRegistry,RX-11662-60-2022
ContractRegistry,C03679
ContractRegistry,RX-11662-234-2022
ContractRegistry,CL02433CA-2023
ContractRegistry,RX-11662-58-2022
ContractRegistry,CL03220CA-2023
ContractRegistry,CL06554
ContractRegistry,C02352-02
ContractRegistry,CL03730-2023
ContractRegistry,CL06414MC-2023
ContractRegistry,CL02318ST-2024
ContractRegistry,CL06216CA-2023
ContractRegistry,CL03724CA-2023
ContractRegistry,CL01052CA-2023
ContractRegistry,CL03690CA-2023
ContractRegistry,CL01649CA-2023
ContractRegistry,CL03622CA-2023
ContractRegistry,CL06218CA-2023
ContractRegistry,CL01620CA-2023
ContractRegistry,CL03698CA-2023
ContractRegistry,CL01633CA-2023
ContractRegistry,CL04307CA-2023
ContractRegistry,CL03323-2023
ContractRegistry,CL03654CA-2023
ContractRegistry,CL01627CA-2023
ContractRegistry,CL01939CA-2023
ContractRegistry,C03820
ContractRegistry,CL06210CA-2023
ContractRegistry,RX-11662-264-2023
ContractRegistry,RX-11662-246-2023
ContractRegistry,CA05408CA-2023
ContractRegistry,CE06156
ContractRegistry,CL03738CR-2023
ContractRegistry,CL03738ME-2023
ContractRegistry,CL02683BA-2023
ContractRegistry,C03770
ContractRegistry,CL03277CA
ContractRegistry,CL01658CA-2023
ContractRegistry,CL03842GE-PHSA
ContractRegistry,CL06214CA-2023
ContractRegistry,CL06212CA-2023
ContractRegistry,CL01159CA-2023
ContractRegistry,CL06217CA-2023
ContractRegistry,CL03694CA-2023
ContractRegistry,CL06192CA-2023
ContractRegistry,CL03633CA-2023
ContractRegistry,CL06219CA-2023
ContractRegistry,CL01630CA-2023
ContractRegistry,CE05379L
ContractRegistry,CL02679AD-2023
ContractRegistry,CS02710CA_EB24
ContractRegistry,CL02270BO-2024
ContractRegistry,CL01635CA-2023
ContractRegistry,CL03924CA-2023
ContractRegistry,CL06198CA-2023
ContractRegistry,RX-11662-260-2023
ContractRegistry,RX-11662-271-2023
ContractRegistry,RX-11662-113-2020
ContractRegistry,CL03921TH-2023
ContractRegistry,CL01806SM-2023
ContractRegistry,CL01806ME-2023
ContractRegistry,RX-11662-261-2023
ContractRegistry,CL02978SM
ContractRegistry,RX-11662-259-2023
ContractRegistry,CL04289CA-2023
ContractRegistry,CL02683ME-2023
ContractRegistry,CL02920CA-2023
ContractRegistry,PH682RT_PHCL-23
ContractRegistry,CL03925CA-2024
ContractRegistry,CL02931CA-2023
ContractRegistry,CL02271CO-2024
ContractRegistry,CL01142CA-2023
ContractRegistry,CL03895CA-2023
ContractRegistry,CL06199CA-2023
ContractRegistry,RX-11662-255-2023
ContractRegistry,CL05830OL-2023
ContractRegistry,RX-11662-70-2023
ContractRegistry,RX-11662-72-2023
ContractRegistry,CL03906CA-2023
ContractRegistry,RX-11662-266-2023
ContractRegistry,CL02683CR-2023
ContractRegistry,CL02683ME-2023IH-NH
ContractRegistry,CL02922CA-2023
ContractRegistry,RX-11662-267-2023
ContractRegistry,CL03923TH-2023
ContractRegistry,CE06566-CHS
ContractRegistry,CL03921ME-2023
ContractRegistry,RX-11662-249-2023
ContractRegistry,CL02683JO-2023
ContractRegistry,CL02917CA-2023
ContractRegistry,CL01473
ContractRegistry,06292GE
ContractRegistry,06283BA
ContractRegistry,06276GE
ContractRegistry,CL02428BA-2022
ContractRegistry,RX-11662-274-2023
ContractRegistry,CL01514
ContractRegistry,CL05255CA-2023
ContractRegistry,CL06418CA-2024
ContractRegistry,CL02960TR-2024
ContractRegistry,CL02960DR-2024
ContractRegistry,CL02849AM2-2022
ContractRegistry,CE03954-HIL
ContractRegistry,CE03960-UMA
ContractRegistry,CE03963-NEU
ContractRegistry,CE03964-HIL
ContractRegistry,CL04081ME
ContractRegistry,CL06414VCH-2023
ContractRegistry,CL02331SO-2024
ContractRegistry,CL03908ES
ContractRegistry,CL02960IN-2024
ContractRegistry,CL03669KE-2023
ContractRegistry,CE03954-STR
ContractRegistry,CE03960-ARJ
ContractRegistry,CE03963-ARJ
ContractRegistry,CE03963-STR
ContractRegistry,CE03963-JOE
ContractRegistry,CE03964-STR
ContractRegistry,CL03669ST-2023
ContractRegistry,CL06413CA-2023
ContractRegistry,CE03954-ARJ
ContractRegistry,CL03669AD-2023
ContractRegistry,CE03954-UMA
ContractRegistry,CE03960-STR
ContractRegistry,CE03963-MI
ContractRegistry,CE03963-HIL
ContractRegistry,CL03932ES
ContractRegistry,CL01965CO
ContractRegistry,CL02237ME-2024
ContractRegistry,CL06420CA
ContractRegistry,06283BR
ContractRegistry,CL03063-2024
ContractRegistry,CL02635CA-2031
ContractRegistry,CL06413-2023M
ContractRegistry,CL02977CHS
ContractRegistry,CL06415IC-2024
ContractRegistry,CL02450BA-2024
ContractRegistry,CL02449BA-2024
ContractRegistry,CL02451BE-2024
ContractRegistry,05441-PHCL
ContractRegistry,CE03964-LIN
ContractRegistry,CE05379CHS
ContractRegistry,CE06156ME
ContractRegistry,CL01835DR-2024
ContractRegistry,CL01835CN2-2024
ContractRegistry,CL02451BA-2024
ContractRegistry,CA05408BA-2023
ContractRegistry,06292BR
ContractRegistry,CL06554AM-2023
ContractRegistry,DE04283-IN
ContractRegistry,DE04363NE-IN
ContractRegistry,CL02977MT
ContractRegistry,CL02450BE-2024
ContractRegistry,CL02452BE-2024
ContractRegistry,CL03083STE-PM-24
ContractRegistry,CE06772BD
ContractRegistry,CE06774IC
ContractRegistry,CE06156ST
ContractRegistry,CL01835AM-2024
ContractRegistry,CL01835BO2-2024
ContractRegistry,CL01835IN2-2024
ContractRegistry,CL06419TE
ContractRegistry,CL06419BA
ContractRegistry,CL02451CN-2024
ContractRegistry,CL02558IN-2024
ContractRegistry,CL02258AM2-2024
ContractRegistry,CL02258ME2-2024
ContractRegistry,CL03079DJ-2024
ContractRegistry,CL06267DJ-2024
ContractRegistry,CL06392BO-2024
ContractRegistry,CL06392MC2-2024
ContractRegistry,CL06392TR2-2024
ContractRegistry,CL06286TH2-2024
ContractRegistry,CL02430OL2-2022
ContractRegistry,CL02432BA-2022
ContractRegistry,CL02432OL-2022
ContractRegistry,RX-11662-263-2023
ContractRegistry,RX-11662-254-2023
ContractRegistry,CL03636IN2-2024
ContractRegistry,CL02452BA-2024
ContractRegistry,CL03079CHS-2024
ContractRegistry,CL06266LDM-2024
ContractRegistry,CL06267MED-2024
ContractRegistry,CE06991-C
ContractRegistry,CE06991-A
ContractRegistry,DE04233AB-IN
ContractRegistry,DE04284NE-IN
ContractRegistry,CL02977SR
ContractRegistry,CL02451IC-2024
ContractRegistry,CE03964-TEC
ContractRegistry,CL02453BE-2024
ContractRegistry,CL02453IC-2024
ContractRegistry,CE06773BD
ContractRegistry,CL02449FR-2024
ContractRegistry,CL02974MC2-2022
ContractRegistry,CL02449BB-2024
ContractRegistry,CL02449IC-2024
ContractRegistry,CL02258BO-2024
ContractRegistry,CL02258CN2-2024
ContractRegistry,CL02258TR2-2024
ContractRegistry,CL06534ME2-2024
ContractRegistry,CL06534IN-2024
ContractRegistry,CL03088CR
ContractRegistry,CL06392IN-2024
ContractRegistry,CL06392ME2-2024
ContractRegistry,CL06286CN2-2024
ContractRegistry,CL02431CO-2022
ContractRegistry,CL02431BA-2022
ContractRegistry,DE04233NE-SPA
ContractRegistry,DE04284AB-SPA
ContractRegistry,RX-11662-262-2023
ContractRegistry,CL02399CA-2024
ContractRegistry,CL06266DJ-2024
ContractRegistry,CL03636CN-2024
ContractRegistry,CL03636DR2-2024
ContractRegistry,CE06775ICU
ContractRegistry,CE05379SC
ContractRegistry,CL06267ASH-2024
ContractRegistry,CL06267CHS-2024
ContractRegistry,CL03923AM-2023
ContractRegistry,CE06991-AM
ContractRegistry,CE06991-S
ContractRegistry,CE06991-SH
ContractRegistry,CL06164CA-2024
ContractRegistry,RX-11662-150-2024
ContractRegistry,CL02258DR2-2024
ContractRegistry,CL06534CN2-2024
ContractRegistry,CL06390IN-2024
ContractRegistry,CL06392CN2-2024
ContractRegistry,CL03088SM-ST
ContractRegistry,CL06286AM-2024
ContractRegistry,CL03931CA-2024
ContractRegistry,CL06286TR2-2024
ContractRegistry,CL02432CO-2022
ContractRegistry,CL02431OL-2022
ContractRegistry,DE04363AB-SPA
ContractRegistry,CL06420BE-2024
ContractRegistry,CL03636TR2-2024
ContractRegistry,CE06773IC
ContractRegistry,CL01651MO-2024
ContractRegistry,CL03079LDM-2024
ContractRegistry,CL03079MED-2024
ContractRegistry,CL06267LDM-2024
ContractRegistry,CE06991-M
ContractRegistry,CE06991-SB
ContractRegistry,CE06991-U
ContractRegistry,RX-11662-146-2023
ContractRegistry,RX-11662-288-2024
ContractRegistry,CL06164ME-2024
ContractRegistry,CL02449CD-2024
ContractRegistry,CL02450BB-2024
ContractRegistry,CL03675CA-NIP
ContractRegistry,CL01651ME-2024
ContractRegistry,CL02318TH-2024
ContractRegistry,CL05828MC
ContractRegistry,RX-11662-155-2024
ContractRegistry,RX-11662-07-2023
ContractRegistry,RX-11662-212
ContractRegistry,RX-11662-91-2024
ContractRegistry,CL06164PRIMED-2024
ContractRegistry,RX-11662-292-2024
ContractRegistry,CL02282AS-2024
ContractRegistry,CL02282BO-2024
ContractRegistry,CL02282PI-2024
ContractRegistry,CL02282SC-2024
ContractRegistry,CL06735C-2024
ContractRegistry,CL06735ST-2024
ContractRegistry,CL06735T-2024
ContractRegistry,CL03635IN-2025
ContractRegistry,CL04217TM-2025
ContractRegistry,CL03729MC-2025
ContractRegistry,CL02341CN-2025
ContractRegistry,CL02670VM-2024
ContractRegistry,RX-11662-296-2024
ContractRegistry,RX-11662-303-2024
ContractRegistry,CL04241MC-2024
ContractRegistry,CL04445IN-2024
ContractRegistry,CL04445TR-2024
ContractRegistry,CL03149JO-2024
ContractRegistry,CL07463CN-2024
ContractRegistry,CL06873ME-2024
ContractRegistry,CL06873BA-2024
ContractRegistry,CL06874JO-2024
ContractRegistry,CL06881ST-2024
ContractRegistry,CL02264OL-2024
ContractRegistry,CL02264BO-2024
ContractRegistry,CL02283OL-2024
ContractRegistry,RX-11662-54-2020
ContractRegistry,RX-11662-47-2023
ContractRegistry,RX-11662-287-2024
ContractRegistry,RX-11662-273-2023
ContractRegistry,CL02449MK-2024
ContractRegistry,CL02452BB-2024
ContractRegistry,CL03672CA-CAR
ContractRegistry,CL03675CA-CARD
ContractRegistry,RX-11662-284-2024
ContractRegistry,RX-11662-283-2024
ContractRegistry,RX-11662-280-2024
ContractRegistry,CL02282CHS-2024
ContractRegistry,CL02282ML-2024
ContractRegistry,CL02282SM-2024
ContractRegistry,CL02282VA-2024
ContractRegistry,CL06735I-2024
ContractRegistry,CL06735M-2024
ContractRegistry,CL03635TE-2024
ContractRegistry,CL02344CN-2025
ContractRegistry,CL04217CN2-2024
ContractRegistry,CL04218CN2-2025
ContractRegistry,RX-11662-253-2023
ContractRegistry,RX-11662-293-2024
ContractRegistry,CA04247MA-2024
ContractRegistry,CL04241NI-2024
ContractRegistry,CA04247TH-2024
ContractRegistry,CL04445FP-2024
ContractRegistry,CL04443AR-2024
ContractRegistry,CL07463ST-2024
ContractRegistry,CL06874BA-2024
ContractRegistry,CL06881AB-2024
ContractRegistry,CL02271KE-2024
ContractRegistry,CL02271BO-2024
ContractRegistry,CL04291ST-2024
ContractRegistry,CL04291CO-2024
ContractRegistry,CL04257OL-2024
ContractRegistry,CL04258ST-2024
ContractRegistry,CL02270CO-2024
ContractRegistry,CL02276CO-2024
ContractRegistry,CL02290AN-2020
ContractRegistry,CL02282KSE-2024
ContractRegistry,CL02282KS-2024
ContractRegistry,CL06735KS-2024
ContractRegistry,CL06735K-2024
ContractRegistry,CL06735A-2024
ContractRegistry,CL06735SM-2024
ContractRegistry,CL06735SC-2024
ContractRegistry,RX-11662-285-2024
ContractRegistry,CL04218TM-2025
ContractRegistry,CL03729ME-2025
ContractRegistry,CL02670BO-2024
ContractRegistry,CL02670CN-2024
ContractRegistry,CL02670TR-2024
ContractRegistry,CL03214COL
ContractRegistry,RX-11662-92-2024
ContractRegistry,CL04241BA-2024
ContractRegistry,CA04247NI-2024
ContractRegistry,CL03149BA-2024
ContractRegistry,CA04247MC-2024
ContractRegistry,CL03149ME-2024
ContractRegistry,CL07463ME-2024
ContractRegistry,CL06873JO-2024
ContractRegistry,CL04248IN-2024
ContractRegistry,CL06881MT-2024
ContractRegistry,CL04248VA-2024
ContractRegistry,CL02271OL-2024
ContractRegistry,CL02283BO-2024
ContractRegistry,CL04446FP-2025
ContractRegistry,CL04291OL-2024
ContractRegistry,CA04247BD-2024
ContractRegistry,CL03900MED
ContractRegistry,CL04258OL-2024
ContractRegistry,CL04258VA-2024
ContractRegistry,CL04293KE-2024
ContractRegistry,CL02277BO-2024
ContractRegistry,CL02278BO-2024
ContractRegistry,CL02268CO-2024
ContractRegistry,CL02265BO-2024
ContractRegistry,CL04244OL-2024
ContractRegistry,CL04244CO-2024
ContractRegistry,CL02272BO-2024
ContractRegistry,CL06872OL-2024
ContractRegistry,CL02273CO-2024
ContractRegistry,CL02275ST-2024
ContractRegistry,CL04251OL-2024
ContractRegistry,CL02281ST-2024
ContractRegistry,CL04249ST-2024
ContractRegistry,CL04259ST-2024
ContractRegistry,CL04265BO-2024
ContractRegistry,CL04265OL-2024
ContractRegistry,CL04265ME-2024
ContractRegistry,CL04264CO-2024
ContractRegistry,CL02266OL-2024
ContractRegistry,CL02269CO-2024
ContractRegistry,CL02269OL-2024
ContractRegistry,CL04246OL-2024
ContractRegistry,CL04291BO-2024
ContractRegistry,CL04291VA-2024
ContractRegistry,CL04257ST-2024
ContractRegistry,CL02276BO-2024
ContractRegistry,CL04293ST-2024
ContractRegistry,CL04293OL-2024
ContractRegistry,CL02277CO-2024
ContractRegistry,CL04292BO-2024
ContractRegistry,CL02278OL-2024
ContractRegistry,CL02263BO-2024
ContractRegistry,CL02263OL-2024
ContractRegistry,CL02267CO-2024
ContractRegistry,CL02265CO-2024
ContractRegistry,CL02272CO-2024
ContractRegistry,CL02274BO-2024
ContractRegistry,CL02273BO-2024
ContractRegistry,CL02273OL-2024
ContractRegistry,CL04253-2024
ContractRegistry,CL02281IN-2024
ContractRegistry,CL02281BO-2024
ContractRegistry,CL04259OL-2024
ContractRegistry,CL04259PR-2024
ContractRegistry,CL04250OL-2024
ContractRegistry,CL04265CO-2024
ContractRegistry,CL04261KE-2024
ContractRegistry,CL04261FT-2024
ContractRegistry,CL04246CO-2024
ContractRegistry,CL04245BO-2024
ContractRegistry,C04162
ContractRegistry,CL04218ML2-2025
ContractRegistry,CL04267OL-2025
ContractRegistry,CL04267CO-2025
ContractRegistry,CL03667ML2-2025
ContractRegistry,CL02344ML-2025
ContractRegistry,CL02344CA2-2025
ContractRegistry,CL02344MC2-2025
ContractRegistry,CL03637TE2-2025
ContractRegistry,CL03083MED-2024
ContractRegistry,CL06419NI
ContractRegistry,CL04446MM2-2025
ContractRegistry,CL04293VA-2024
ContractRegistry,05947-PHCL
ContractRegistry,CL04292OL-2024
ContractRegistry,CL02278CO-2024
ContractRegistry,CL02268BO-2024
ContractRegistry,CL02263CO-2024
ContractRegistry,CL02267BO-2024
ContractRegistry,CL02267OL-2024
ContractRegistry,CL02265OL-2024
ContractRegistry,CL04244BO-2024
ContractRegistry,CL06872VA-2024
ContractRegistry,CL06872CO-2024
ContractRegistry,CL02273VA-2024
ContractRegistry,CL02275BO-2024
ContractRegistry,CL02275OL-2024
ContractRegistry,CL02275VA-2024
ContractRegistry,CL02281OL-2024
ContractRegistry,CL02281VA-2024
ContractRegistry,CL04259KE-2024
ContractRegistry,CL04250BO-2024
ContractRegistry,CL04250CO-2024
ContractRegistry,CL04440MC2-2024
ContractRegistry,CL04264BO-2024
ContractRegistry,CL04263BO-2024
ContractRegistry,CL04263CO-2024
ContractRegistry,CL02266BO-2024
ContractRegistry,CL02266CO-2024
ContractRegistry,CL02266ST-2024
ContractRegistry,CL02269BO-2024
ContractRegistry,CL04245CO-2024
ContractRegistry,CL02240DI-CA-2031
ContractRegistry,CL04246BO-2024
ContractRegistry,CL02451TR-2024
ContractRegistry,RX-11662-65-2024
ContractRegistry,CL04268OL-2025
ContractRegistry,CL04268BS2-2025
ContractRegistry,CL03667IN2-2025
ContractRegistry,CL03667MC2-2025
ContractRegistry,CL03637AM2-2025
ContractRegistry,CL03637ME-2025
ContractRegistry,CL04438CN-2025
ContractRegistry,CL03637TR2-2025
ContractRegistry,CL04446CN2-2025
ContractRegistry,C04167
ContractRegistry,CL04218MC2-2025
ContractRegistry,RX-11662-119-2024
ContractRegistry,CL04290BO-2025
ContractRegistry,CL03667CN-2025
ContractRegistry,CL01834ME-2025
ContractRegistry,CL03667TM2-2025
ContractRegistry,CL03637CN2-2025
ContractRegistry,CL03637IN2-2025
ContractRegistry,CL03637ML2-2025
ContractRegistry,RX-11662-268-2023
ContractRegistry,CL06419AN
ContractRegistry,CL02712
ContractRegistry,CL02341TM2-2025
ContractRegistry,CL03729CN2-2025
ContractRegistry,RX-11662-301-2024
ContractRegistry,RX-11662-169-2024
ContractRegistry,CL02977TR
ContractRegistry,RX-11662-305-2025
ContractRegistry,CL04438ME2-2025
ContractRegistry,CL05408ASP-2023
ContractRegistry,RX-11662-258-2023
ContractRegistry,CL04446IN-2025
ContractRegistry,CL03842SU-PHSA
ContractRegistry,CL07463SI-2024
ContractRegistry,CL04446TR2-2025
ContractRegistry,CL05333CA-CHS
ContractRegistry,CL02670HE-2025
ContractRegistry,RX-11662-291-2024
ContractRegistry,CL03635AM2-2025
ContractRegistry,RX-11662-295-2024
ContractRegistry,CL03522CA-2025
ContractRegistry,CL04440ST-2024
ContractRegistry,CL01834MC-2025
ContractRegistry,CL06266CHS-2024
ContractRegistry,DE04284NE-IN-SY
ContractRegistry,RX-11662-256-2023
ContractRegistry,RX-11662-306-2025
ContractRegistry,RX-11662-257-2023
ContractRegistry,CL03842SO-PHSA
ContractRegistry,CL07463TR-2024
ContractRegistry,CL03633-3M-2023
ContractRegistry,RX-11662-307-2024
ContractRegistry,PH682RT-25-D
ContractRegistry,CL03842ST-VIHA
ContractRegistry,CL03842SU-FHA
ContractRegistry,CL04258ST-2024M
ContractRegistry,RX-11662-315-2025
ContractRegistry,CL03842ST-NHA
ContractRegistry,PH682RT_PHCL-2025
ContractRegistry,CL04474CA-BD
ContractRegistry,CL04474CA-PHA
ContractRegistry,CL03289CA-INO
ContractRegistry,CL03637MC2-2025
ContractRegistry,CL04438CA2-2025
ContractRegistry,RX-11662-309-2025
ContractRegistry,CL04268CO2-2025
ContractRegistry,CL04440CN-2024
ContractRegistry,CL04440TH-2024
ContractRegistry,CL01834AM-2025
ContractRegistry,CL01834TE-2025
ContractRegistry,CL02290KS
ContractRegistry,RX-11662-208-2024
ContractRegistry,CL04261ST-2024
ContractRegistry,CL02399CHC-2025
ContractRegistry,DE04233-HO-S
ContractRegistry,CL02260CA-2025
ContractRegistry,CL02275CO-2024
ContractRegistry,RX-11662-290-2025
ContractRegistry,CL03842SO-VIHA
ContractRegistry,CL062103M-2023
ContractRegistry,CL03842ST-IHA
ContractRegistry,CL03842ST-PHSA
ContractRegistry,CL03842SU-IHA
ContractRegistry,CL04474CA-CHC
ContractRegistry,CL03289CA-DER
ContractRegistry,CL03289CA-MED
ContractRegistry,CL06414ST-2023
ContractRegistry,RX-11662-300
ContractRegistry,CL03842SU-VIHA
ContractRegistry,CL03842ST-FHA
ContractRegistry,CL03842SO-FHA
ContractRegistry,CL03842GE-IHA
ContractRegistry,CL03842SU-NHA
ContractRegistry,CL03842GE-NHA
ContractRegistry,SS05694CA-SC
ContractRegistry,RX-11662-179-2025
ContractRegistry,CL04474CA-SOL
ContractRegistry,CL03289CA-TRU
ContractRegistry,RX-11662-314-2025
ContractRegistry,CL02920MED-2023
ContractRegistry,CL03910CA-2025
ContractRegistry,RX-11662-184-2025
ContractRegistry,CL05408BA-2025
ContractRegistry,RX-11662-321-2025
ContractRegistry,CL03842GE-VCHA
ContractRegistry,CL02412CA-ME
ContractRegistry,RX-11662-313-2025
ContractRegistry,CL02399CA-MED
ContractRegistry,CL06985SN-2025
ContractRegistry,CL02274OL-2024
ContractRegistry,CL04261VA-2024
ContractRegistry,CL03842ST-VCHA
ContractRegistry,CL04219AM2-2025
ContractRegistry,CL03635ML2-2025
ContractRegistry,CL04219IN2-2025
ContractRegistry,RX-11662-186-2025
ContractRegistry,CL04219DR2-2025
ContractRegistry,RX-11662-183-2025
ContractRegistry,CL03698CO-2023
ContractRegistry,CL02281KE-2024
ContractRegistry,C04295
ContractRegistry,RX-11662-282-2024
ContractRegistry,CL02977SM
ContractRegistry,CL04257ST-2024M
ContractRegistry,CL01855CA-2025
ContractRegistry,CL03842SU-VCHA
ContractRegistry,RX-11662-190-2025
ContractRegistry,CL04219CN2-2025
ContractRegistry,CL04257VA-2024
ContractRegistry,CL04097BO-2025
ContractRegistry,CL05259ME
ContractRegistry,RX-11662-319-2025
ContractRegistry,05222B-NHA
ContractRegistry,RX-11662-317-2025
ContractRegistry,CL04098AN
ContractRegistry,CL04097ME-2025
ContractRegistry,CL04219TR2-2025
ContractRegistry,RX-11662-189-2025
ContractRegistry,CL04098
ContractRegistry,CL02976
ContractRegistry,CL03635TH2-2025
ContractRegistry,CL05264CA-2025
ContractRegistry,RX-11662-276-2023
ContractRegistry,CL02291I-2020
ContractRegistry,RX-11662-316-2025
ContractRegistry,CL04437CLPH-2025
ContractRegistry,CL03667SM-2025
ContractRegistry,CL04097SO-2025
ContractRegistry,RX-11662-323-2025
ContractRegistry,CL05332CA-BM
ContractRegistry,CL05331SR
ContractRegistry,CL03083STE-AMD-24
ContractRegistry,CL02851CN-2024
ContractRegistry,RX-11662-328-2025
ContractRegistry,RX-11662-326-2025
ContractRegistry,RX-11662-330-2026
ContractRegistry,CL03924MED-2023
ContractRegistry,CL06419ASP
ContractRegistry,CL05332CA-MED
ContractRegistry,CL03218-MCA
ContractRegistry,CL03218-AN
ContractRegistry,CL03083STE-SOL-24
ContractRegistry,CL03924ST-2023
ContractRegistry,CL02341IN-2025
ContractRegistry,RX-11662-329-2026
ContractRegistry,CL05331-MN
ContractRegistry,CL05331-MED
ContractRegistry,CL02932CA
ContractRegistry,RX-11662-325-2026
ContractRegistry,RX-11662-310-2026
ContractRegistry,RX-11662-198-2026
ContractRegistry,CL02678MC-2026
PATRICIA'S PURGE,99999-0011
PATRICIA'S PURGE,99999-0044
PATRICIA'S PURGE,99999-0033
PATRICIA'S PURGE,99999-0023-CBG
PATRICIA'S PURGE,99999-0006
PATRICIA'S PURGE,C00579
PATRICIA'S PURGE,C01136
PATRICIA'S PURGE,C01471
PATRICIA'S PURGE,CD0359
PATRICIA'S PURGE,C01872
PATRICIA'S PURGE,C01946
PATRICIA'S PURGE,C01985
PATRICIA'S PURGE,C02006
PATRICIA'S PURGE,C0608429
PATRICIA'S PURGE,C02076
PATRICIA'S PURGE,C02089
PATRICIA'S PURGE,C02198-01
PATRICIA'S PURGE,C02350
PATRICIA'S PURGE,C00274-1
PATRICIA'S PURGE,C02518
PATRICIA'S PURGE,C02522
PATRICIA'S PURGE,C02625
PATRICIA'S PURGE,C02706
PATRICIA'S PURGE,C02513-19
PATRICIA'S PURGE,C02855
PATRICIA'S PURGE,C03817-5CB
PATRICIA'S PURGE,C02901
PATRICIA'S PURGE,C02789-10
PATRICIA'S PURGE,C03032
PATRICIA'S PURGE,C03137
PATRICIA'S PURGE,C03161
PATRICIA'S PURGE,C03293
PATRICIA'S PURGE,CS-2104-0410-C
PATRICIA'S PURGE,C03361
PATRICIA'S PURGE,C02074-1
PATRICIA'S PURGE,C03406
PATRICIA'S PURGE,C03408
PATRICIA'S PURGE,C03413
PATRICIA'S PURGE,C03525
PATRICIA'S PURGE,C03555
PATRICIA'S PURGE,C03562
PATRICIA'S PURGE,C03634
PATRICIA'S PURGE,C03666
PATRICIA'S PURGE,PDC Access - Non Pharmacy and PDC Access - Pharmacy
PATRICIA'S PURGE,C03686
PATRICIA'S PURGE,C03736-1
PATRICIA'S PURGE,C03762
PATRICIA'S PURGE,C03782
PATRICIA'S PURGE,C03829
PATRICIA'S PURGE,C03845-6
PATRICIA'S PURGE,C03847
PATRICIA'S PURGE,C03935
PATRICIA'S PURGE,C03948
PATRICIA'S PURGE,C03952
PATRICIA'S PURGE,C03923-04
PATRICIA'S PURGE,C04019
PATRICIA'S PURGE,C03798-5-OP-PHC
PATRICIA'S PURGE,C04114
PATRICIA'S PURGE,C04122
PATRICIA'S PURGE,C04192
PATRICIA'S PURGE,C04209-3
PATRICIA'S PURGE,C02224-02
PATRICIA'S PURGE,C04238
PATRICIA'S PURGE,C02198-01E
PATRICIA'S PURGE,C04276
PATRICIA'S PURGE,C04279
PATRICIA'S PURGE,C04280
PATRICIA'S PURGE,C04302
PATRICIA'S PURGE,C04314
PATRICIA'S PURGE,C04335
PATRICIA'S PURGE,PHSA ITQ 15276
PATRICIA'S PURGE,C04366
PATRICIA'S PURGE,C03817-5-15544-PHSA
PATRICIA'S PURGE,RX-11662-21-2022
PATRICIA'S PURGE,RX-11662-341
CCR,SOW0240417SPMO-MSA-NHA-SL250107
CCR,SOW20211005SS-IMITPD-NSH
CCR,SOW20240228SS-ITTSL-r-1-NSH
CCR,SOW20240229SS-ITTSL-BH
CCR,SOW20240327SS-ITPC-BH
CCR,SOW20240412SS-MMITS-BH
CCR,SOW20240412SS-MMITS-NSH
CCR,SOW20240412SS-MMITS-RCH
CCR,SOW20240516SS-ITTDL-NSH
CCR,SOW20240531PD-2
CCR,SOW20240531PD-4
CCR,SOW20240606SS-VBA-BH
CCR,SOW20240606SS-VBA-RCH
CCR,SOW20240624SS-HADS-MSA-Affinity-CH-01-IMDL-BH
CCR,SOW20240624SS-HADS-MSA-Affinity-CH-02-BANCI-RCH
CCR,SOW20240624SS-HADS-MSA-Affinity-CH-03-BANCI-BH
CCR,SOW20240624SS-HADS-MSA-Affinity-CH-04-PMEUDP3-RCH
CCR,SOW20240624SS-HADS-MSA-Affinity-CH-05-PMEUDP2-RCH
CCR,SOW20240624SS-HADS-MSA-Affinity-CH-06-PMEUD-ST2
CCR,SOW20240624SS-HADS-MSA-Procom-CH02-PM-EUD-NSH
CCR,SOW20240625FS
CCR,SOW20240704SS-PPSI-BH
CCR,SOW20240704SS-PPSI-NSH
CCR,SOW20240704SS-PPSI-RCH
CCR,SOW20240710SS-SAS-BH
CCR,SOW20240710SS-SAS-NSH
CCR,SOW20240722AA
CCR,SOW20240724SS-NWS-NSH
CCR,SOW20240730TG
CCR,SOW20240806PD
CCR,SOW20240919SS-IMDL-1
CCR,SOW20240919SS-IMDL-2
CCR,SOW202500903AD
CCR,SOW20250205IC
CCR,SOW20250220NSPH
CCR,SOW20250228RY
CCR,SOW20250304MB2
CCR,SOW20250321IJ
CCR,SOW20250324JM
CCR,SOW20250324JM-1
CCR,SOW20250328CS-1
CCR,SOW20250402DI
CCR,SOW20250408DH
CCR,SOW20250411CP
CCR,SOW20250414DK
CCR,SOW20250414OD
CCR,SOW20250415CS-02
CCR,SOW20250415SS-BA-SPMS-RCH
CCR,SOW20250415SS-DAS-RCH
CCR,SOW20250415VA
CCR,SOW20250416JR
CCR,SOW20250416MS
CCR,SOW20250416SS-IEPC-RCH
CCR,SOW20250417ES1
CCR,SOW20250428ST
CCR,SOW20250501HJ
CCR,SOW20250501JH
CCR,SOW20250501ZW
CCR,SOW20250515-HISL-NSH
CCR,SOW20250515-HISL-RCH
CCR,SOW20250530
CCR,SOW20250530BP
CCR,SOW20250530PH
CCR,SOW20250604EY
CCR,SOW20250604KH
CCR,SOW20250605-PMIWS-RCH
CCR,SOW20250606LW-2
CCR,SOW20250606-SSPM-RCH
CCR,SOW20250606-STL-BH
CCR,SOW20250606-STL-NSH
CCR,SOW20250606-STL-RCH
CCR,SOW20250611mp
CCR,SOW20250611-PMSIS-RCH
CCR,SOW20250613DI
CCR,SOW20250625ZZ
CCR,SOW20250627BD
CCR,SOW20250627MT
CCR,SOW20250702-ITSL-RCDD-NSH
CCR,SOW20250710og
CCR,SOW20250711VK
CCR,SOW20250721KM
CCR,SOW20250730BCT
CCR,SOW20250731SF
CCR,SOW20250801AM
CCR,SOW20250805JP
CCR,SOW20250808MT
CCR,SOW20250808YZ
CCR,SOW20250808ZZ
CCR,SOW20250811IJ
CCR,SOW20250811PK
CCR,SOW20250811RL
CCR,SOW20250813
CCR,SOW20250815KJ3
CCR,SOW20250815RC
CCR,SOW20250820RL
CCR,SOW20250820RL-1
CCR,SOW20250821CS-2
CCR,SOW20250821EY
CCR,SOW20250825JT
CCR,SOW20250902MC
CCR,SOW20250905AC
CCR,SOW20250908BM
CCR,SOW20250908JS
CCR,SOW20250909AP
CCR,SOW20250909SJ
CCR,SOW20250911-CCSBA-BH
CCR,SOW20250911-CCSBA-RCH
CCR,SOW20250911EY-1
CCR,SOW20250911IJ
CCR,SOW20250911IJ-1
CCR,SOW20250911SL
CCR,SOW20250915HK
CCR,SOW20250915NF
CCR,SOW20250915PD
CCR,SOW20250915SR
CCR,SOW20250918BW
CCR,SOW20250922MC
CCR,SOW20250929-LITD-RCH
CCR,SOW20251010-SA-ST2
CCR,SOW20251014JM
CCR,SOW20251015CS-2
CCR,SOW20251016
CCR,SOW20251016-1
CCR,SOW20251016AC
CCR,SOW20251016CS1
CCR,SOW20251016-PIA-BH
CCR,SOW20251016-PIA-RCH
CCR,SOW20251017CS
CCR,SOW20251017HJ
CCR,SOW20251020EY
CCR,SOW20251020IJ
CCR,SOW20251020LW
CCR,SOW20251020MB1
CCR,SOW20251020MB2
CCR,SOW20251020PK
CCR,SOW20251021CS3
CCR,SOW20251021CS4
CCR,SOW20251024LT
CCR,SOW20251024MB1
CCR,SOW20251024MB3
CCR,SOW20251024ZZ
CCR,SOW20251027EY
CCR,SOW20251027JK
CCR,SOW20251028DB-1
CCR,SOW20251028DB-10
CCR,SOW20251028DB-11
CCR,SOW20251028DB-2
CCR,SOW20251028DB-3
CCR,SOW20251028DB-4
CCR,SOW20251028DB-5
CCR,SOW20251028DB-6
CCR,SOW20251028DB-7
CCR,SOW20251028DB-8
CCR,SOW20251028DB-9
CCR,SOW20251028EH
CCR,SOW20251030SR
CCR,SOW20251031CP
CCR,SOW20251031MG
CCR,SOW20251031RC
CCR,SOW20251031SB
CCR,SOW20251104WB
CCR,SOW20251105CL
CCR,SOW20251106MB1
CCR,SOW20251106SJ
CCR,SOW20251110-IM/ITPD-BH
CCR,SOW20251115SD
CCR,SOW20251117-PMSPMS-RCH
CCR,SOW20251121RL
CCR,SOW20251124ZZ
CCR,SOW20251125CS1
CCR,SOW20251125CS2
CCR,SOW20251125CS3
CCR,SOW20251125CS4
CCR,SOW20251125CS5
CCR,SOW20251125CS6
CCR,SOW20251125KM
CCR,SOW20251125LW1
CCR,SOW20251125LW2
CCR,SOW20251125-NWS-RCH
CCR,SOW20251125SR1
CCR,SOW20251125SR2
CCR,SOW20251128BP
CCR,SOW20251128CD
CCR,SOW20251128JH
CCR,SOW20251201AB
CCR,SOW20251201CS1
CCR,SOW20251201CS2
CCR,SOW20251201CS3
CCR,SOW20251201CS4
CCR,SOW20251201CS5
CCR,SOW20251201CS6
CCR,SOW20251201EY
CCR,SOW20251201SR1
CCR,SOW20251201SR2
CCR,SOW20251202JM
CCR,SOW20251202MC
CCR,SOW20251205SAK
CCR,SOW20251209BP-1
CCR,SOW20251209PK-1
CCR,SOW20251209RL-1
CCR,SOW20251210IJ
CCR,SOW20251210JK
CCR,SOW20251210MC
CCR,SOW20251210PK
CCR,SOW20251210RL
CCR,SOW20251211-POSPF-BH
CCR,SOW20251212MB2
CCR,SOW20251215SF
CCR,SOW20251216AD
CCR,SOW20251216LC
CCR,SOW20251217CL
CCR,SOW20251217MB
CCR,SOW20251217SJ
CCR,SOW20251218CS1
CCR,SOW20251218CS2
CCR,SOW20251218CS3
CCR,SOW20251218CS4
CCR,SOW20260102MB-1
CCR,SOW20260102MB-2
CCR,SOW20260107BP
CCR,SOW20260107MB
CCR,SOW20260107MH
CCR,SOW20260107MP
CCR,SOW20260107RL
CCR,SOW20260115AL
CCR,SOW20260115WB-2
CCR,SOW20260116ES
CCR,SOW20260119DC
CCR,SOW20260119IHCCS
CCR,SOW20260120CL
CCR,SOW20260120ZZ
CCR,SOW20260123CM
CCR,SOW20260127SV
CCR,SOW20260129AM
CCR,SOW20260130CS
CCR,SOW20260130PL
CCR,SOW20260203EM
CCR,SOW20260204DB
CCR,SOW20260204KW
CCR,SOW20260206MB
CCR,SOW20260209dm
CCR,SOW20260209SP
CCR,SOW20260211-SIIDS-RCH
CCR,SOW20260213CSA
CCR,SOW20260220SH
CCR,SOW20260227DT
CCR,SOW20260227RS
CCR,SOW20260301am
CCR,SOW20260303CS-2
CCR,SOW2026030KB
CCR,SOW2026030MFL
CCR,SOW2026030RP
CCR,SOW20260312DB
CCR,SOW20260313EL
CCR,SOW20260317JP
CCR,SOW20260319RS
CCR,SOW20260327-ITTSIS-NSH
CCR,SOW20260327-ITTSL-BH
CCR,SOW20260401RS
CCR,SOW20260409EY
CCR,SOW20260109SF
CCR,SOW20260213CH
CCR,SOW20250305-NWS-BH
CCR,SOW20250407CP
CCR,SOW20250211SCH
CCR,SOW20260202GM
CCR,SOW20251208TW
CCR,SOW20251027RF
CCR,SOW20251024SB
CCR,SOW20251204AN
CCR,SOW20251101SL
CCR,SOW20251008
CCR,SOW20251031CS
CCR,SOW20251001
CCR,SOW20251007GM
CCR,SOW20260213RS
CCR,SOW20260211SB
